stock_id,sector,business_model,geographic_focus,business_maturity,competitive_position,market_cap_category,revenue_tier,profitability_profile,asset_intensity,financial_strength
US001,Industrials,B2B,Domestic,Mature,Market_Leader,Large,Tier_1,Standard,Moderate,Stable
US002,Industrials,B2B,Global,Growth,Strong_Player,Mid,Tier_2,Standard,Capital_Intensive,Stable
US003,Healthcare,B2C,Global,Mature,Market_Leader,Large,Tier_1,High_Margin,Moderate,Stable
US004,Healthcare,B2B,Global,Mature,Market_Leader,Large,Tier_1,High_Margin,Asset_Light,Strong
US005,Technology,B2B,Global,Mature,Market_Leader,Large,Tier_1,High_Margin,Moderate,Strong
US006,Technology,Platform,Global,Growth,Market_Leader,Large,Tier_1,High_Margin,Asset_Light,Strong
US007,Technology,B2B,Global,Mature,Market_Leader,Large,Tier_1,High_Margin,Asset_Light,Strong
US008,Utilities,B2B,Domestic,Mature,Strong_Player,Mid,Tier_2,Low_Margin,Moderate,Developing
US009,Finance,B2C,Domestic,Growth,Market_Leader,Large,Tier_1,Low_Margin,Capital_Intensive,Strong
US010,Healthcare,B2C,Global,Mature,Market_Leader,Mid,Tier_2,High_Margin,Capital_Intensive,Strong
US011,Materials,B2C,Global,Mature,Strong_Player,Large,Tier_1,Standard,Moderate,Strong
US012,Consumer_Discretionary,B2C,International,Growth,Market_Leader,Large,Tier_1,Standard,Moderate,Strong
US013,Technology,Platform,Global,Mature,Market_Leader,Mid,Tier_2,Standard,Asset_Light,Stable
US014,Materials,B2B,Global,Growth,Market_Leader,Mid,Tier_2,Standard,Asset_Light,Stable
US015,Real_Estate,B2B,International,Growth,Market_Leader,Mid,Tier_2,Standard,Moderate,Stable
US016,Healthcare,B2C,Global,Growth,Market_Leader,Mid,Tier_2,Standard,Moderate,Stable
US017,Industrials,B2B,Global,Mature,Market_Leader,Mid,Tier_2,High_Margin,Capital_Intensive,Stable
US018,Utilities,B2C,International,Mature,Market_Leader,Mid,Tier_2,Low_Margin,Capital_Intensive,Developing
US019,Finance,B2C,Global,Mature,Strong_Player,Large,Tier_1,High_Margin,Moderate,Strong
US020,Communication,Platform,Global,Mature,Market_Leader,Large,Tier_1,Standard,Capital_Intensive,Stable
US021,Communication,Platform,Global,Growth,Market_Leader,Large,Tier_1,High_Margin,Capital_Intensive,Stable
US022,Consumer_Staples,B2C,Global,Growth,Market_Leader,Large,Tier_1,Standard,Asset_Light,Strong
US023,Consumer_Discretionary,Platform,Global,Growth,Market_Leader,Large,Tier_1,High_Margin,Moderate,Strong
US024,Consumer_Discretionary,B2C,International,Growth,Strong_Player,Mid,Tier_2,Low_Margin,Moderate,Strong
US025,Utilities,B2B,Global,Cyclical,Market_Leader,Mid,Tier_2,Low_Margin,Moderate,Strong
US026,Utilities,B2B,Global,Mature,Market_Leader,Large,Tier_1,Standard,Moderate,Strong
US027,Finance,B2C,Global,Mature,Market_Leader,Large,Tier_1,Standard,Asset_Light,Strong
US028,Finance,B2C,Global,Growth,Market_Leader,Mid,Tier_2,Low_Margin,Moderate,Stable
US029,Real_Estate,B2B,Global,Growth,Market_Leader,Large,Tier_1,Standard,Moderate,Strong
US030,Utilities,B2B,Global,Mature,Market_Leader,Mid,Tier_2,Standard,Capital_Intensive,Strong
US031,Finance,B2C,Global,Growth,Market_Leader,Mid,Tier_2,Standard,Asset_Light,Strong
US032,Industrials,B2B,Global,Mature,Market_Leader,Mid,Tier_2,Low_Margin,Capital_Intensive,Developing
US033,Healthcare,B2B,International,Mature,Market_Leader,Large,Tier_1,Standard,Moderate,Strong
US034,Technology,B2B,Global,Growth,Market_Leader,Large,Tier_1,High_Margin,Moderate,Strong
US035,Technology,B2B,International,Growth,Market_Leader,Large,Tier_1,High_Margin,Asset_Light,Strong
US036,Finance,B2C,International,Cyclical,Market_Leader,Large,Tier_1,Standard,Asset_Light,Strong
US037,Energy,B2B,International,Mature,Market_Leader,Mid,Tier_2,Standard,Capital_Intensive,Developing
US038,Finance,B2C,Global,Cyclical,Market_Leader,Large,Tier_1,Standard,Moderate,Strong
US039,Technology,B2B,International,Mature,Market_Leader,Large,Tier_1,High_Margin,Asset_Light,Strong
US040,Technology,B2B,Global,Growth,Market_Leader,Large,Tier_1,High_Margin,Moderate,Strong
US041,Consumer_Discretionary,B2C,Global,Growth,Strong_Player,Mid,Tier_2,Standard,Asset_Light,Stable
US042,Finance,B2C,International,Growth,Strong_Player,Mid,Tier_2,Standard,Moderate,Strong
US043,Consumer_Staples,B2C,Global,Growth,Market_Leader,Mid,Tier_2,Standard,Moderate,Stable
US044,Technology,B2B,Global,Mature,Strong_Player,Large,Tier_1,High_Margin,Asset_Light,Strong
US045,Finance,B2C,International,Mature,Strong_Player,Large,Tier_1,Standard,Asset_Light,Strong
US046,Finance,B2C,International,Growth,Strong_Player,Mid,Tier_2,Standard,Moderate,Stable
US047,Communication,B2B,Global,Cyclical,Market_Leader,Large,Tier_1,High_Margin,Moderate,Strong
US048,Utilities,B2B,Global,Mature,Market_Leader,Mid,Tier_2,Low_Margin,Moderate,Stable
US049,Technology,Platform,Global,Mature,Market_Leader,Large,Tier_1,High_Margin,Moderate,Strong
US050,Technology,Platform,Global,Mature,Market_Leader,Large,Tier_1,High_Margin,Moderate,Strong
US051,Consumer_Discretionary,B2C,Global,Mature,Strong_Player,Large,Tier_1,Standard,Moderate,Stable
US052,Real_Estate,B2C,Global,Growth,Strong_Player,Mid,Tier_2,High_Margin,Moderate,Strong
US053,Consumer_Discretionary,B2C,Global,Cyclical,Market_Leader,Mid,Tier_2,Standard,Moderate,Strong
US054,Industrials,B2B,Domestic,Mature,Strong_Player,Large,Tier_1,Standard,Capital_Intensive,Strong
US055,Energy,B2B,Domestic,Cyclical,Strong_Player,Mid,Tier_2,Standard,Capital_Intensive,Stable
US056,Consumer_Discretionary,B2C,Global,Mature,Strong_Player,Mid,Tier_2,Low_Margin,Moderate,Stable
US057,Finance,B2C,International,Mature,Market_Leader,Large,Tier_1,Standard,Asset_Light,Strong
US058,Healthcare,B2C,International,Mature,Strong_Player,Mid,Tier_2,Standard,Moderate,Strong
US059,Healthcare,B2C,International,Growth,Market_Leader,Large,Tier_1,Standard,Moderate,Stable
US060,Finance,B2C,International,Growth,Market_Leader,Large,Tier_1,Standard,Moderate,Strong
US061,Consumer_Discretionary,B2C,International,Growth,Strong_Player,Mid,Tier_2,High_Margin,Capital_Intensive,Strong
US062,Healthcare,B2B,Domestic,Mature,Strong_Player,Mid,Tier_2,High_Margin,Moderate,Stable
US063,Healthcare,B2B,Global,Mature,Strong_Player,Mid,Tier_2,High_Margin,Asset_Light,Strong
US064,Finance,B2C,International,Growth,Strong_Player,Large,Tier_1,Standard,Moderate,Strong
US065,Finance,B2C,Global,Mature,Strong_Player,Large,Tier_1,Standard,Asset_Light,Strong
US066,Technology,Platform,International,Mature,Strong_Player,Mid,Tier_2,High_Margin,Asset_Light,Strong
US067,Finance,B2C,Global,Growth,Strong_Player,Large,Tier_1,Standard,Asset_Light,Strong
US068,Industrials,B2B,Global,Cyclical,Strong_Player,Large,Tier_1,Standard,Capital_Intensive,Stable
US069,Consumer_Discretionary,B2C,Global,Cyclical,Market_Leader,Large,Tier_1,High_Margin,Moderate,Strong
US070,Healthcare,B2C,International,Mature,Strong_Player,Large,Tier_1,High_Margin,Asset_Light,Strong
US071,Healthcare,B2B,Global,Growth,Strong_Player,Large,Tier_1,Standard,Moderate,Strong
US072,Technology,B2B,International,Mature,Strong_Player,Large,Tier_1,High_Margin,Moderate,Strong
US073,Technology,B2B,Global,Mature,Market_Leader,Mid,Tier_2,Standard,Asset_Light,Stable
US074,Finance,B2C,Global,Growth,Market_Leader,Mid,Tier_2,Low_Margin,Asset_Light,Strong
US075,Consumer_Staples,B2C,International,Mature,Strong_Player,Mid,Tier_2,Standard,Moderate,Strong
US076,Industrials,B2B,Global,Cyclical,Strong_Player,Mid,Tier_2,Standard,Capital_Intensive,Stable
US077,Consumer_Staples,B2C,International,Mature,Strong_Player,Mid,Tier_2,High_Margin,Moderate,Developing
US078,Real_Estate,B2B,Global,Mature,Strong_Player,Mid,Tier_2,High_Margin,Asset_Light,Stable
US079,Industrials,B2B,Global,Mature,Strong_Player,Mid,Tier_2,Standard,Moderate,Developing
US080,Technology,Platform,Global,Mature,Strong_Player,Large,Tier_1,High_Margin,Asset_Light,Strong
US081,Consumer_Discretionary,B2C,Domestic,Mature,Market_Leader,Mid,Tier_2,Low_Margin,Asset_Light,Developing
US082,Real_Estate,B2B,International,Growth,Market_Leader,Mid,Tier_2,Standard,Capital_Intensive,Strong
US083,Consumer_Staples,B2C,International,Growth,Market_Leader,Mid,Tier_2,Low_Margin,Moderate,Stable
US084,Finance,B2C,Global,Cyclical,Strong_Player,Large,Tier_1,Standard,Asset_Light,Strong
US085,Healthcare,B2C,Global,Growth,Strong_Player,Mid,Tier_2,High_Margin,Moderate,Strong
US086,Consumer_Discretionary,B2C,Domestic,Growth,Market_Leader,Mid,Tier_2,Standard,Asset_Light,Stable
US087,Consumer_Discretionary,B2C,International,Growth,Market_Leader,Mid,Tier_2,High_Margin,Moderate,Strong
US088,Industrials,B2B,Global,Mature,Market_Leader,Large,Tier_1,Standard,Capital_Intensive,Strong
US089,Industrials,B2B,Global,Mature,Market_Leader,Large,Tier_1,Standard,Moderate,Strong
US090,Finance,B2C,Global,Cyclical,Strong_Player,Mid,Tier_2,Standard,Moderate,Strong
US091,Real_Estate,B2B,International,Growth,Strong_Player,Mid,Tier_2,Standard,Moderate,Strong
US092,Technology,B2B,International,Mature,Strong_Player,Mid,Tier_2,Standard,Asset_Light,Stable
US093,Healthcare,B2C,International,Growth,Strong_Player,Large,Tier_1,High_Margin,Moderate,Strong
US094,Healthcare,B2C,International,Mature,Strong_Player,Mid,Tier_2,Standard,Asset_Light,Strong
US095,Utilities,B2C,Global,Cyclical,Market_Leader,Mid,Tier_2,Low_Margin,Capital_Intensive,Stable
US096,Materials,B2B,Global,Mature,Market_Leader,Mid,Tier_2,Low_Margin,Capital_Intensive,Stable
US097,Healthcare,B2C,Domestic,Mature,Strong_Player,Mid,Tier_2,High_Margin,Capital_Intensive,Stable
US098,Finance,B2C,Global,Mature,Strong_Player,Large,Tier_1,Standard,Moderate,Strong
US099,Communication,B2B,Global,Cyclical,Strong_Player,Mid,Tier_2,Standard,Moderate,Stable
US100,Energy,B2B,Global,Cyclical,Strong_Player,Large,Tier_1,Low_Margin,Capital_Intensive,Strong
US101,Consumer_Discretionary,B2C,Global,Mature,Strong_Player,Large,Tier_1,Standard,Moderate,Strong
US102,Finance,B2C,International,Mature,Market_Leader,Large,Tier_1,Standard,Moderate,Strong
US103,Consumer_Staples,B2C,Global,Growth,Strong_Player,Mid,Tier_2,Standard,Moderate,Stable
US104,Healthcare,B2C,Global,Growth,Strong_Player,Large,Tier_1,High_Margin,Moderate,Stable
US105,Finance,B2C,International,Cyclical,Strong_Player,Mid,Tier_2,High_Margin,Moderate,Strong
US106,Industrials,B2B,Global,Growth,Strong_Player,Large,Tier_1,High_Margin,Moderate,Stable
US107,Technology,B2B,Global,Mature,Strong_Player,Large,Tier_1,Standard,Asset_Light,Stable
US108,Finance,B2C,Global,Cyclical,Strong_Player,Large,Tier_1,Standard,Moderate,Stable
US109,Finance,B2C,International,Growth,Strong_Player,Mid,Tier_2,Low_Margin,Moderate,Stable
US110,Consumer_Staples,B2C,Global,Mature,Strong_Player,Mid,Tier_2,Low_Margin,Capital_Intensive,Stable
US111,Finance,B2C,International,Growth,Strong_Player,Large,Tier_1,Standard,Moderate,Strong
US112,Utilities,B2B,Domestic,Mature,Market_Leader,Mid,Tier_2,Low_Margin,Capital_Intensive,Stable
US113,Consumer_Staples,B2C,Global,Mature,Strong_Player,Large,Tier_1,High_Margin,Capital_Intensive,Stable
US114,Technology,B2B,Global,Mature,Strong_Player,Mid,Tier_2,High_Margin,Asset_Light,Strong
US115,Finance,B2C,International,Mature,Strong_Player,Large,Tier_1,High_Margin,Moderate,Stable
US116,Consumer_Staples,B2C,Global,Mature,Strong_Player,Large,Tier_1,Standard,Moderate,Strong
US117,Communication,B2C,Global,Cyclical,Strong_Player,Large,Tier_1,Standard,Moderate,Stable
US118,Consumer_Staples,B2C,Domestic,Cyclical,Strong_Player,Mid,Tier_2,Standard,Asset_Light,Developing
US119,Energy,B2B,Global,Cyclical,Market_Leader,Large,Tier_1,Standard,Capital_Intensive,Strong
US120,Utilities,B2B,Domestic,Mature,Strong_Player,Mid,Tier_2,Standard,Capital_Intensive,Stable
US121,Consumer_Staples,B2C,International,Mature,Market_Leader,Mid,Tier_2,Standard,Moderate,Strong
US122,Utilities,B2B,Global,Mature,Market_Leader,Large,Tier_1,Low_Margin,Capital_Intensive,Strong
US123,Healthcare,B2C,Global,Mature,Market_Leader,Mid,Tier_2,Standard,Asset_Light,Strong
US124,Industrials,B2B,Global,Growth,Strong_Player,Mid,Tier_2,Standard,Capital_Intensive,Strong
US125,Technology,B2B,International,Mature,Market_Leader,Large,Tier_1,Standard,Asset_Light,Stable
US126,Technology,Platform,Global,Mature,Strong_Player,Mid,Tier_2,High_Margin,Moderate,Stable
US127,Materials,B2C,Global,Mature,Strong_Player,Large,Tier_1,Low_Margin,Moderate,Developing
US128,Real_Estate,B2C,Global,Cyclical,Strong_Player,Mid,Tier_2,Standard,Moderate,Stable
US129,Consumer_Staples,B2C,Global,Growth,Market_Leader,Large,Tier_1,Standard,Moderate,Strong
US130,Energy,B2C,International,Cyclical,Strong_Player,Mid,Tier_2,Low_Margin,Moderate,Strong
US131,Technology,Platform,Global,Mature,Strong_Player,Large,Tier_1,Standard,Moderate,Strong
US132,Real_Estate,B2B,Global,Growth,Strong_Player,Mid,Tier_2,High_Margin,Moderate,Developing
US133,Industrials,B2B,Global,Cyclical,Strong_Player,Large,Tier_1,Standard,Capital_Intensive,Strong
US134,Industrials,B2B,Global,Mature,Market_Leader,Large,Tier_1,Low_Margin,Capital_Intensive,Stable
US135,Healthcare,B2C,Global,Mature,Strong_Player,Large,Tier_1,High_Margin,Capital_Intensive,Stable
US136,Healthcare,B2C,Global,Mature,Strong_Player,Large,Tier_1,High_Margin,Asset_Light,Developing
US137,Consumer_Discretionary,B2C,Global,Cyclical,Strong_Player,Mid,Tier_2,Standard,Capital_Intensive,Stable
US138,Technology,Platform,International,Growth,Strong_Player,Mid,Tier_2,Standard,Moderate,Stable
US139,Healthcare,B2C,Domestic,Growth,Strong_Player,Mid,Tier_2,Standard,Moderate,Stable
US140,Technology,Platform,Global,Mature,Strong_Player,Mid,Tier_2,Standard,Asset_Light,Stable
US141,Consumer_Discretionary,B2C,Domestic,Mature,Strong_Player,Mid,Tier_2,Standard,Asset_Light,Strong
US142,Industrials,B2B,Global,Growth,Strong_Player,Large,Tier_1,High_Margin,Capital_Intensive,Stable
US143,Technology,B2B,Global,Mature,Market_Leader,Large,Tier_1,High_Margin,Moderate,Stable
US144,Industrials,B2B,Global,Cyclical,Strong_Player,Mid,Tier_2,Low_Margin,Capital_Intensive,Stable
US145,Energy,B2C,Domestic,Cyclical,Market_Leader,Mid,Tier_2,Standard,Capital_Intensive,Strong
US146,Healthcare,B2C,Global,Mature,Market_Leader,Mid,Tier_2,Standard,Capital_Intensive,Strong
US147,Energy,B2B,Global,Mature,Strong_Player,Mid,Tier_2,Standard,Capital_Intensive,Stable
US148,Real_Estate,B2C,International,Mature,Strong_Player,Large,Tier_1,Low_Margin,Capital_Intensive,Stable
US149,Consumer_Staples,B2C,Domestic,Mature,Strong_Player,Mid,Tier_2,Standard,Moderate,Stable
US150,Consumer_Staples,B2C,International,Mature,Strong_Player,Mid,Tier_2,Low_Margin,Capital_Intensive,Stable
US151,Utilities,B2B,International,Mature,Strong_Player,Large,Tier_1,Low_Margin,Capital_Intensive,Developing
US152,Consumer_Discretionary,B2C,Domestic,Growth,Market_Leader,Mid,Tier_2,Low_Margin,Asset_Light,Strong
US153,Consumer_Discretionary,Platform,Global,Growth,Strong_Player,Large,Tier_1,High_Margin,Moderate,Stable
US154,Industrials,B2B,Global,Mature,Market_Leader,Mid,Tier_2,Low_Margin,Capital_Intensive,Stable
US155,Materials,B2C,Global,Growth,Strong_Player,Mid,Tier_2,Standard,Asset_Light,Stable
US156,Consumer_Discretionary,B2C,Global,Mature,Strong_Player,Mid,Tier_2,Low_Margin,Moderate,Strong
US157,Utilities,B2B,International,Mature,Strong_Player,Mid,Tier_2,Standard,Moderate,Strong
US158,Utilities,B2B,Global,Mature,Strong_Player,Large,Tier_1,Standard,Capital_Intensive,Stable
US159,Materials,B2B,Global,Cyclical,Strong_Player,Mid,Tier_2,Standard,Capital_Intensive,Stable
US160,Materials,B2B,Domestic,Mature,Market_Leader,Mid,Tier_2,Standard,Asset_Light,Developing
US161,Industrials,B2B,Global,Mature,Market_Leader,Large,Tier_1,High_Margin,Capital_Intensive,Strong
US162,Consumer_Discretionary,Platform,International,Mature,Market_Leader,Mid,Tier_2,High_Margin,Asset_Light,Strong
US163,Materials,B2C,Global,Mature,Strong_Player,Large,Tier_1,High_Margin,Moderate,Strong
US164,Utilities,B2B,International,Mature,Market_Leader,Mid,Tier_2,Low_Margin,Capital_Intensive,Developing
US165,Healthcare,B2C,International,Growth,Strong_Player,Mid,Tier_2,Standard,Asset_Light,Strong
US166,Communication,B2B,Global,Mature,Strong_Player,Mid,Tier_2,Standard,Capital_Intensive,Stable
US167,Healthcare,B2C,Domestic,Growth,Strong_Player,Large,Tier_1,High_Margin,Asset_Light,Stable
US168,Industrials,B2B,International,Mature,Strong_Player,Large,Tier_1,Standard,Capital_Intensive,Stable
US169,Technology,B2B,International,Growth,Strong_Player,Mid,Tier_2,Standard,Asset_Light,Stable
US170,Utilities,B2B,Global,Mature,Strong_Player,Mid,Tier_2,Standard,Capital_Intensive,Strong
US171,Energy,B2C,Global,Cyclical,Market_Leader,Large,Tier_1,Low_Margin,Capital_Intensive,Stable
US172,Technology,B2B,Domestic,Growth,Strong_Player,Mid,Tier_2,High_Margin,Asset_Light,Stable
US173,Energy,B2B,Global,Mature,Market_Leader,Mid,Tier_2,Standard,Capital_Intensive,Developing
US174,Industrials,B2B,Domestic,Growth,Strong_Player,Mid,Tier_2,Standard,Capital_Intensive,Strong
US175,Real_Estate,B2C,International,Cyclical,Market_Leader,Large,Tier_1,Low_Margin,Moderate,Strong
US176,Real_Estate,B2B,Global,Growth,Market_Leader,Mid,Tier_2,Standard,Moderate,Developing
US177,Finance,B2C,Global,Cyclical,Market_Leader,Mid,Tier_2,Standard,Moderate,Strong
US178,Real_Estate,B2C,Global,Mature,Strong_Player,Mid,Tier_2,Standard,Moderate,Stable
US179,Consumer_Staples,B2C,Global,Mature,Strong_Player,Mid,Tier_2,High_Margin,Capital_Intensive,Stable
US180,Finance,B2C,Global,Mature,Market_Leader,Mid,Tier_2,Standard,Capital_Intensive,Stable
US181,Utilities,B2C,Global,Mature,Strong_Player,Mid,Tier_2,Low_Margin,Moderate,Stable
US182,Utilities,B2C,Global,Mature,Market_Leader,Mid,Tier_2,Low_Margin,Moderate,Strong
US183,Utilities,B2C,International,Mature,Strong_Player,Mid,Tier_2,Low_Margin,Capital_Intensive,Strong
US184,Energy,B2C,Global,Cyclical,Strong_Player,Mid,Tier_2,Standard,Capital_Intensive,Strong
US185,Consumer_Discretionary,B2C,Global,Growth,Strong_Player,Mid,Tier_2,Standard,Moderate,Stable
US186,Industrials,B2B,Domestic,Growth,Strong_Player,Mid,Tier_2,Standard,Moderate,Strong
US187,Real_Estate,B2B,Domestic,Growth,Strong_Player,Mid,Tier_2,High_Margin,Moderate,Developing
US188,Energy,B2C,Global,Cyclical,Strong_Player,Large,Tier_1,Low_Margin,Capital_Intensive,Stable
US189,Technology,Platform,Global,Growth,Market_Leader,Mid,Tier_2,High_Margin,Asset_Light,Stable
US190,Finance,B2C,International,Cyclical,Strong_Player,Mid,Tier_2,Standard,Capital_Intensive,Stable
US191,Technology,Platform,Global,Mature,Strong_Player,Mid,Tier_2,High_Margin,Moderate,Strong
US192,Industrials,B2B,International,Growth,Strong_Player,Large,Tier_1,High_Margin,Capital_Intensive,Strong
US193,Real_Estate,B2B,International,Mature,Strong_Player,Mid,Tier_2,High_Margin,Moderate,Developing
US194,Industrials,B2B,International,Mature,Strong_Player,Large,Tier_1,Standard,Capital_Intensive,Strong
US195,Technology,B2B,Domestic,Mature,Strong_Player,Mid,Tier_2,High_Margin,Asset_Light,Strong
US196,Finance,B2C,International,Growth,Strong_Player,Mid,Tier_2,Standard,Asset_Light,Stable
US197,Technology,B2B,International,Mature,Strong_Player,Mid,Tier_2,Standard,Moderate,Stable
US198,Utilities,B2C,International,Cyclical,Strong_Player,Mid,Tier_2,Standard,Capital_Intensive,Stable
US199,Technology,B2B,International,Mature,Strong_Player,Large,Tier_1,High_Margin,Asset_Light,Strong
US200,Consumer_Discretionary,B2C,International,Cyclical,Market_Leader,Mid,Tier_2,Standard,Moderate,Strong
US201,Technology,Platform,Global,Mature,Strong_Player,Large,Tier_1,High_Margin,Asset_Light,Stable
US202,Technology,B2B,International,Mature,Strong_Player,Mid,Tier_2,Standard,Asset_Light,Strong
US203,Communication,B2B,Global,Cyclical,Niche_Specialist,Mid,Tier_2,Standard,Asset_Light,Stable
US204,Communication,B2C,Global,Mature,Strong_Player,Mid,Tier_2,Low_Margin,Capital_Intensive,Stable
US205,Finance,B2C,Global,Mature,Niche_Specialist,Mid,Tier_2,Low_Margin,Moderate,Stable
US206,Materials,B2B,International,Mature,Strong_Player,Large,Tier_1,Standard,Moderate,Stable
US207,Technology,B2B,International,Mature,Strong_Player,Mid,Tier_2,High_Margin,Asset_Light,Strong
US208,Technology,B2B,Global,Mature,Strong_Player,Mid,Tier_2,High_Margin,Moderate,Stable
US209,Industrials,B2B,Global,Mature,Niche_Specialist,Large,Tier_1,Standard,Capital_Intensive,Strong
US210,Healthcare,B2C,International,Growth,Niche_Specialist,Mid,Tier_2,Standard,Moderate,Strong
US212,Technology,Platform,Global,Growth,Strong_Player,Mid,Tier_2,High_Margin,Asset_Light,Strong
US213,Industrials,B2B,Domestic,Growth,Niche_Specialist,Mid,Tier_2,Low_Margin,Capital_Intensive,Stable
US214,Industrials,B2B,Global,Mature,Strong_Player,Large,Tier_1,Standard,Capital_Intensive,Stable
US215,Consumer_Staples,B2C,International,Growth,Strong_Player,Mid,Tier_2,High_Margin,Capital_Intensive,Strong
US216,Consumer_Discretionary,B2C,Global,Growth,Niche_Specialist,Large,Tier_1,High_Margin,Moderate,Strong
US217,Consumer_Discretionary,B2C,Domestic,Mature,Strong_Player,Mid,Tier_2,Standard,Moderate,Stable
US218,Healthcare,B2B,Global,Mature,Strong_Player,Large,Tier_1,High_Margin,Moderate,Strong
US219,Industrials,B2B,Domestic,Mature,Niche_Specialist,Mid,Tier_2,High_Margin,Moderate,Stable
US220,Finance,B2C,Global,Growth,Strong_Player,Mid,Tier_2,Low_Margin,Moderate,Stable
US221,Technology,Platform,Global,Growth,Strong_Player,Mid,Tier_2,Standard,Asset_Light,Stable
US222,Finance,B2C,Global,Growth,Strong_Player,Large,Tier_1,Standard,Asset_Light,Stable
US223,Energy,B2B,Global,Cyclical,Niche_Specialist,Mid,Tier_2,Low_Margin,Moderate,Strong
US224,Finance,B2C,International,Mature,Strong_Player,Mid,Tier_2,Standard,Capital_Intensive,Strong
US225,Consumer_Discretionary,B2C,Domestic,Mature,Strong_Player,Mid,Tier_2,Standard,Moderate,Stable
US226,Healthcare,B2C,International,Mature,Niche_Specialist,Large,Tier_1,High_Margin,Moderate,Stable
US227,Real_Estate,B2B,International,Mature,Strong_Player,Mid,Tier_2,Standard,Asset_Light,Strong
US228,Healthcare,B2C,Domestic,Growth,Strong_Player,Mid,Tier_2,High_Margin,Moderate,Developing
US229,Consumer_Staples,B2C,Domestic,Growth,Strong_Player,Mid,Tier_2,Low_Margin,Moderate,Stable
US230,Technology,B2B,International,Growth,Niche_Specialist,Mid,Tier_2,High_Margin,Asset_Light,Strong
US231,Consumer_Discretionary,B2C,Domestic,Growth,Niche_Specialist,Large,Tier_1,Low_Margin,Moderate,Stable
US232,Healthcare,B2C,Global,Growth,Strong_Player,Mid,Tier_2,Standard,Asset_Light,Developing
US233,Consumer_Discretionary,B2C,International,Cyclical,Strong_Player,Large,Tier_1,Standard,Asset_Light,Strong
US234,Industrials,B2B,International,Mature,Niche_Specialist,Large,Tier_1,Standard,Moderate,Strong
US235,Consumer_Staples,B2C,International,Mature,Strong_Player,Mid,Tier_2,Standard,Moderate,Stable
US236,Real_Estate,B2B,Global,Mature,Strong_Player,Mid,Tier_2,High_Margin,Asset_Light,Stable
US237,Industrials,B2B,International,Mature,Strong_Player,Large,Tier_1,Standard,Capital_Intensive,Stable
US238,Technology,B2B,International,Mature,Strong_Player,Mid,Tier_2,High_Margin,Asset_Light,Strong
US239,Industrials,B2B,Domestic,Mature,Niche_Specialist,Mid,Tier_2,Standard,Moderate,Stable
US240,Healthcare,B2C,International,Growth,Niche_Specialist,Mid,Tier_2,Standard,Asset_Light,Strong
US241,Finance,B2C,Global,Growth,Strong_Player,Mid,Tier_2,Low_Margin,Capital_Intensive,Strong
US242,Industrials,B2B,Global,Growth,Strong_Player,Mid,Tier_2,Standard,Capital_Intensive,Strong
US243,Technology,B2B,Global,Mature,Strong_Player,Large,Tier_1,Standard,Moderate,Stable
US244,Industrials,B2B,International,Growth,Niche_Specialist,Mid,Tier_2,Low_Margin,Moderate,Strong
US245,Healthcare,B2C,Domestic,Mature,Niche_Specialist,Large,Tier_1,High_Margin,Moderate,Developing
US246,Industrials,B2B,International,Mature,Niche_Specialist,Large,Tier_1,Standard,Capital_Intensive,Stable
US247,Healthcare,B2B,Domestic,Growth,Strong_Player,Mid,Tier_2,Standard,Moderate,Stable
US248,Industrials,B2B,Domestic,Cyclical,Strong_Player,Mid,Tier_2,Standard,Capital_Intensive,Strong
US249,Healthcare,B2C,International,Mature,Niche_Specialist,Mid,Tier_2,High_Margin,Capital_Intensive,Stable
US250,Technology,B2B,Global,Growth,Niche_Specialist,Large,Tier_1,Standard,Asset_Light,Stable
US251,Finance,B2C,Global,Mature,Strong_Player,Large,Tier_1,High_Margin,Asset_Light,Stable
US252,Materials,B2C,Global,Growth,Strong_Player,Mid,Tier_2,Standard,Moderate,Strong
US253,Consumer_Discretionary,B2C,International,Mature,Niche_Specialist,Mid,Tier_2,Standard,Asset_Light,Stable
US254,Communication,B2B,International,Mature,Strong_Player,Mid,Tier_2,Standard,Moderate,Stable
US255,Technology,Platform,Global,Growth,Strong_Player,Large,Tier_1,High_Margin,Moderate,Strong
US256,Healthcare,B2C,Global,Mature,Niche_Specialist,Large,Tier_1,Standard,Asset_Light,Strong
US257,Finance,B2C,International,Growth,Strong_Player,Mid,Tier_2,Standard,Moderate,Developing
US258,Real_Estate,B2C,Global,Mature,Strong_Player,Mid,Tier_2,Standard,Moderate,Strong
US259,Healthcare,B2C,Global,Growth,Niche_Specialist,Mid,Tier_2,Standard,Capital_Intensive,Stable
US260,Real_Estate,B2C,International,Cyclical,Strong_Player,Mid,Tier_2,Standard,Moderate,Stable
US261,Industrials,B2B,International,Mature,Niche_Specialist,Mid,Tier_2,Low_Margin,Moderate,Stable
US262,Technology,B2B,Domestic,Growth,Strong_Player,Mid,Tier_2,High_Margin,Moderate,Stable
US263,Technology,B2B,International,Growth,Strong_Player,Mid,Tier_2,Standard,Asset_Light,Strong
US264,Industrials,B2B,Global,Mature,Niche_Specialist,Mid,Tier_2,Standard,Capital_Intensive,Strong
US265,Healthcare,B2B,International,Growth,Niche_Specialist,Large,Tier_1,Standard,Moderate,Stable
US266,Industrials,B2B,International,Mature,Strong_Player,Large,Tier_1,Low_Margin,Moderate,Strong
US267,Finance,B2C,Global,Cyclical,Niche_Specialist,Large,Tier_1,Standard,Moderate,Stable
US268,Consumer_Staples,B2C,Global,Growth,Niche_Specialist,Mid,Tier_2,Low_Margin,Moderate,Stable
US270,Consumer_Staples,B2C,International,Mature,Niche_Specialist,Mid,Tier_2,Standard,Capital_Intensive,Developing
US271,Finance,B2C,International,Cyclical,Niche_Specialist,Mid,Tier_2,Low_Margin,Capital_Intensive,Strong
US272,Technology,B2B,Domestic,Growth,Strong_Player,Mid,Tier_2,Standard,Moderate,Strong
US273,Consumer_Staples,B2C,Domestic,Mature,Strong_Player,Mid,Tier_2,Low_Margin,Moderate,Strong
US274,Real_Estate,B2B,International,Mature,Niche_Specialist,Mid,Tier_2,Standard,Moderate,Stable
US275,Energy,B2B,Global,Mature,Strong_Player,Large,Tier_1,Standard,Capital_Intensive,Stable
US276,Finance,B2C,International,Growth,Strong_Player,Large,Tier_1,Standard,Moderate,Strong
US277,Technology,B2B,Global,Mature,Niche_Specialist,Large,Tier_1,High_Margin,Asset_Light,Stable
US278,Consumer_Staples,B2C,Domestic,Cyclical,Strong_Player,Mid,Tier_2,Standard,Moderate,Strong
US279,Consumer_Staples,B2C,Global,Mature,Strong_Player,Mid,Tier_2,High_Margin,Moderate,Strong
US280,Industrials,B2B,International,Mature,Strong_Player,Large,Tier_1,Standard,Capital_Intensive,Stable
US281,Healthcare,B2C,Global,Mature,Strong_Player,Mid,Tier_2,Standard,Moderate,Strong
US282,Technology,B2B,Global,Growth,Strong_Player,Large,Tier_1,High_Margin,Asset_Light,Stable
US283,Consumer_Staples,B2C,Domestic,Mature,Strong_Player,Mid,Tier_2,Standard,Asset_Light,Developing
US284,Consumer_Discretionary,B2C,Global,Cyclical,Strong_Player,Mid,Tier_2,Low_Margin,Asset_Light,Strong
US285,Technology,B2B,International,Growth,Strong_Player,Mid,Tier_2,High_Margin,Moderate,Strong
US286,Consumer_Discretionary,B2C,Global,Mature,Strong_Player,Mid,Tier_2,High_Margin,Moderate,Strong
US287,Industrials,B2B,Global,Growth,Niche_Specialist,Mid,Tier_2,Standard,Capital_Intensive,Strong
US288,Healthcare,B2B,Global,Mature,Strong_Player,Large,Tier_1,High_Margin,Asset_Light,Strong
US289,Materials,B2B,International,Mature,Strong_Player,Large,Tier_1,Standard,Capital_Intensive,Stable
US290,Communication,B2B,Domestic,Cyclical,Niche_Specialist,Mid,Tier_2,Low_Margin,Moderate,Strong
US291,Consumer_Discretionary,B2C,Domestic,Mature,Niche_Specialist,Mid,Tier_2,Standard,Asset_Light,Developing
US292,Industrials,B2B,International,Cyclical,Strong_Player,Large,Tier_1,High_Margin,Capital_Intensive,Strong
US293,Finance,B2C,International,Cyclical,Niche_Specialist,Mid,Tier_2,Standard,Capital_Intensive,Strong
US294,Consumer_Discretionary,B2C,Global,Mature,Strong_Player,Large,Tier_1,High_Margin,Moderate,Strong
US295,Consumer_Discretionary,B2C,International,Mature,Strong_Player,Mid,Tier_2,Standard,Asset_Light,Strong
US296,Materials,B2B,International,Mature,Niche_Specialist,Mid,Tier_2,Standard,Moderate,Strong
US297,Finance,B2C,International,Growth,Strong_Player,Mid,Tier_2,Standard,Moderate,Strong
US298,Energy,B2C,International,Cyclical,Strong_Player,Large,Tier_1,Low_Margin,Capital_Intensive,Strong
US299,Finance,B2C,Domestic,Mature,Niche_Specialist,Mid,Tier_2,Standard,Capital_Intensive,Developing
US300,Consumer_Discretionary,B2C,Domestic,Growth,Niche_Specialist,Large,Tier_1,Low_Margin,Capital_Intensive,Developing
US301,Finance,B2C,Global,Cyclical,Strong_Player,Large,Tier_1,Standard,Moderate,Stable
US302,Materials,B2B,International,Growth,Strong_Player,Mid,Tier_2,Standard,Moderate,Strong
US303,Industrials,B2B,Global,Growth,Strong_Player,Mid,Tier_2,Standard,Moderate,Strong
US304,Finance,B2C,International,Mature,Niche_Specialist,Large,Tier_1,Standard,Asset_Light,Strong
US305,Communication,Platform,Domestic,Mature,Strong_Player,Mid,Tier_2,Low_Margin,Capital_Intensive,Developing
US306,Consumer_Staples,B2C,International,Mature,Strong_Player,Mid,Tier_2,Standard,Asset_Light,Stable
US307,Consumer_Discretionary,B2C,International,Mature,Strong_Player,Large,Tier_1,High_Margin,Capital_Intensive,Strong
US308,Healthcare,B2C,Global,Mature,Niche_Specialist,Large,Tier_1,High_Margin,Moderate,Strong
US309,Healthcare,B2C,Global,Growth,Strong_Player,Large,Tier_1,Standard,Asset_Light,Strong
US310,Healthcare,B2B,Global,Growth,Niche_Specialist,Large,Tier_1,High_Margin,Capital_Intensive,Stable
US311,Communication,Platform,Global,Growth,Strong_Player,Large,Tier_1,Standard,Moderate,Strong
US312,Finance,B2C,Global,Growth,Niche_Specialist,Large,Tier_1,High_Margin,Capital_Intensive,Stable
US313,Healthcare,B2C,International,Mature,Strong_Player,Mid,Tier_2,High_Margin,Moderate,Stable
US314,Consumer_Discretionary,B2C,Global,Cyclical,Strong_Player,Mid,Tier_2,Low_Margin,Asset_Light,Stable
US315,Technology,B2B,Domestic,Mature,Strong_Player,Mid,Tier_2,High_Margin,Asset_Light,Strong
US316,Technology,B2B,Global,Growth,Strong_Player,Large,Tier_1,High_Margin,Moderate,Strong
US317,Technology,Platform,Global,Growth,Niche_Specialist,Large,Tier_1,High_Margin,Moderate,Strong
US318,Real_Estate,B2B,Domestic,Growth,Strong_Player,Mid,Tier_2,High_Margin,Moderate,Stable
US319,Healthcare,B2B,Domestic,Growth,Strong_Player,Mid,Tier_2,Standard,Moderate,Developing
US320,Consumer_Discretionary,B2C,Domestic,Growth,Strong_Player,Mid,Tier_2,High_Margin,Moderate,Stable
US321,Healthcare,B2C,Domestic,Mature,Niche_Specialist,Mid,Tier_2,High_Margin,Moderate,Developing
US322,Consumer_Staples,B2C,International,Growth,Strong_Player,Mid,Tier_2,High_Margin,Moderate,Stable
US323,Consumer_Staples,B2C,Global,Growth,Niche_Specialist,Large,Tier_1,Standard,Moderate,Stable
US324,Technology,B2B,Global,Growth,Strong_Player,Mid,Tier_2,High_Margin,Moderate,Strong
US325,Consumer_Staples,B2C,International,Mature,Strong_Player,Large,Tier_1,High_Margin,Moderate,Stable
US326,Finance,B2C,International,Mature,Strong_Player,Large,Tier_1,Standard,Moderate,Stable
US327,Finance,B2C,International,Mature,Strong_Player,Large,Tier_1,Low_Margin,Moderate,Stable
US328,Materials,B2B,International,Mature,Niche_Specialist,Mid,Tier_2,Standard,Moderate,Stable
US329,Technology,B2B,Domestic,Growth,Strong_Player,Large,Tier_1,High_Margin,Asset_Light,Strong
US330,Finance,B2C,International,Growth,Niche_Specialist,Mid,Tier_2,Standard,Moderate,Stable
US331,Finance,B2C,Global,Growth,Strong_Player,Large,Tier_1,High_Margin,Moderate,Stable
US332,Technology,Platform,Global,Mature,Niche_Specialist,Mid,Tier_2,High_Margin,Moderate,Stable
US333,Communication,B2B,Global,Growth,Strong_Player,Large,Tier_1,Standard,Moderate,Stable
US334,Materials,B2C,International,Mature,Strong_Player,Large,Tier_1,Standard,Moderate,Strong
US335,Communication,B2B,Domestic,Mature,Strong_Player,Mid,Tier_2,Standard,Moderate,Strong
US336,Communication,B2B,Domestic,Mature,Strong_Player,Mid,Tier_2,Standard,Moderate,Strong
US337,Utilities,B2B,Global,Cyclical,Strong_Player,Large,Tier_1,Low_Margin,Moderate,Strong
US338,Consumer_Discretionary,B2C,International,Cyclical,Niche_Specialist,Large,Tier_1,Standard,Moderate,Stable
US339,Utilities,B2C,Global,Cyclical,Strong_Player,Mid,Tier_2,Standard,Capital_Intensive,Stable
US340,Industrials,B2B,Global,Mature,Niche_Specialist,Mid,Tier_2,Standard,Capital_Intensive,Strong
US341,Industrials,B2B,Global,Mature,Niche_Specialist,Large,Tier_1,Standard,Moderate,Strong
US342,Finance,B2C,Global,Mature,Strong_Player,Mid,Tier_2,Standard,Moderate,Strong
US343,Industrials,B2B,Global,Mature,Strong_Player,Large,Tier_1,Low_Margin,Capital_Intensive,Stable
US344,Consumer_Discretionary,B2C,Domestic,Mature,Strong_Player,Mid,Tier_2,High_Margin,Moderate,Stable
US345,Utilities,B2C,International,Mature,Niche_Specialist,Mid,Tier_2,Low_Margin,Capital_Intensive,Stable
US346,Materials,B2B,International,Cyclical,Niche_Specialist,Mid,Tier_2,Standard,Moderate,Strong
US347,Technology,B2B,Global,Mature,Niche_Specialist,Large,Tier_1,Standard,Asset_Light,Stable
US348,Consumer_Discretionary,B2C,International,Mature,Strong_Player,Mid,Tier_2,Standard,Moderate,Stable
US349,Technology,B2B,Domestic,Growth,Niche_Specialist,Large,Tier_1,High_Margin,Asset_Light,Stable
US350,Consumer_Discretionary,B2C,Global,Mature,Niche_Specialist,Large,Tier_1,Low_Margin,Asset_Light,Strong
US351,Energy,B2C,Global,Cyclical,Niche_Specialist,Mid,Tier_2,Standard,Capital_Intensive,Stable
US352,Industrials,B2B,International,Cyclical,Strong_Player,Mid,Tier_2,Standard,Moderate,Stable
US353,Communication,B2B,International,Mature,Strong_Player,Mid,Tier_2,Low_Margin,Moderate,Developing
US354,Technology,B2B,Domestic,Mature,Strong_Player,Mid,Tier_2,High_Margin,Asset_Light,Developing
US355,Energy,B2B,Global,Cyclical,Strong_Player,Mid,Tier_2,Standard,Capital_Intensive,Strong
US356,Technology,Platform,Global,Growth,Niche_Specialist,Large,Tier_1,High_Margin,Asset_Light,Stable
US357,Industrials,B2B,Global,Cyclical,Strong_Player,Mid,Tier_2,Standard,Moderate,Stable
US358,Industrials,B2B,Global,Growth,Niche_Specialist,Large,Tier_1,High_Margin,Moderate,Stable
US359,Consumer_Discretionary,B2C,International,Growth,Niche_Specialist,Mid,Tier_2,Standard,Asset_Light,Strong
US360,Technology,Platform,Global,Growth,Strong_Player,Large,Tier_1,High_Margin,Moderate,Strong
US361,Technology,Platform,International,Growth,Strong_Player,Large,Tier_1,High_Margin,Asset_Light,Developing
US362,Communication,B2B,International,Mature,Niche_Specialist,Mid,Tier_2,High_Margin,Moderate,Strong
US363,Industrials,B2B,Global,Growth,Niche_Specialist,Large,Tier_1,Standard,Capital_Intensive,Stable
US364,Technology,Platform,Global,Mature,Niche_Specialist,Mid,Tier_2,Standard,Moderate,Stable
US365,Technology,Platform,Global,Growth,Strong_Player,Mid,Tier_2,High_Margin,Asset_Light,Stable
US366,Finance,B2C,International,Cyclical,Niche_Specialist,Large,Tier_1,Low_Margin,Capital_Intensive,Strong
US367,Industrials,B2B,International,Growth,Strong_Player,Mid,Tier_2,Standard,Capital_Intensive,Stable
US368,Consumer_Staples,B2C,Global,Mature,Niche_Specialist,Large,Tier_1,Standard,Moderate,Strong
US369,Healthcare,B2B,Global,Mature,Niche_Specialist,Large,Tier_1,Standard,Moderate,Stable
US370,Utilities,B2B,Global,Mature,Strong_Player,Mid,Tier_2,Low_Margin,Moderate,Strong
US371,Consumer_Staples,B2C,Global,Growth,Strong_Player,Large,Tier_1,Low_Margin,Asset_Light,Strong
US372,Energy,B2B,Global,Cyclical,Niche_Specialist,Large,Tier_1,Low_Margin,Capital_Intensive,Strong
US373,Utilities,B2C,Global,Cyclical,Niche_Specialist,Mid,Tier_2,Low_Margin,Capital_Intensive,Strong
US374,Finance,B2C,Global,Cyclical,Strong_Player,Large,Tier_1,Standard,Moderate,Stable
US375,Industrials,B2B,Global,Cyclical,Niche_Specialist,Mid,Tier_2,Low_Margin,Capital_Intensive,Strong
US376,Materials,B2B,Global,Growth,Niche_Specialist,Mid,Tier_2,Standard,Asset_Light,Strong
US377,Utilities,B2C,International,Cyclical,Niche_Specialist,Mid,Tier_2,Low_Margin,Moderate,Strong
US378,Finance,B2C,International,Growth,Strong_Player,Mid,Tier_2,Standard,Capital_Intensive,Strong
US379,Consumer_Staples,B2C,Global,Growth,Niche_Specialist,Large,Tier_1,High_Margin,Moderate,Strong
US380,Finance,B2C,International,Cyclical,Niche_Specialist,Large,Tier_1,Standard,Capital_Intensive,Developing
US381,Real_Estate,B2C,International,Mature,Strong_Player,Large,Tier_1,Low_Margin,Moderate,Stable
US382,Finance,B2C,Global,Cyclical,Strong_Player,Mid,Tier_2,Standard,Moderate,Stable
US383,Utilities,B2C,Global,Mature,Niche_Specialist,Mid,Tier_2,Low_Margin,Moderate,Stable
US384,Technology,Platform,Domestic,Mature,Strong_Player,Mid,Tier_2,High_Margin,Asset_Light,Stable
US385,Real_Estate,B2B,Global,Growth,Strong_Player,Large,Tier_1,Standard,Moderate,Strong
US386,Consumer_Discretionary,B2C,International,Mature,Niche_Specialist,Mid,Tier_2,Standard,Asset_Light,Developing
US387,Industrials,B2B,Domestic,Mature,Strong_Player,Large,Tier_1,Low_Margin,Capital_Intensive,Strong
US388,Technology,B2B,Global,Growth,Niche_Specialist,Large,Tier_1,High_Margin,Asset_Light,Stable
US389,Healthcare,B2C,Global,Growth,Niche_Specialist,Mid,Tier_2,Standard,Moderate,Stable
US390,Consumer_Discretionary,B2C,Global,Growth,Strong_Player,Mid,Tier_2,Standard,Asset_Light,Stable
US391,Finance,B2C,Global,Mature,Niche_Specialist,Mid,Tier_2,Standard,Capital_Intensive,Developing
US392,Industrials,B2B,Global,Cyclical,Strong_Player,Large,Tier_1,Standard,Capital_Intensive,Strong
US393,Real_Estate,B2B,Global,Growth,Strong_Player,Large,Tier_1,High_Margin,Moderate,Stable
US394,Real_Estate,B2B,Global,Growth,Niche_Specialist,Mid,Tier_2,High_Margin,Moderate,Strong
US395,Healthcare,B2B,Global,Mature,Niche_Specialist,Large,Tier_1,High_Margin,Asset_Light,Stable
US396,Finance,B2C,Domestic,Mature,Niche_Specialist,Mid,Tier_2,Low_Margin,Moderate,Stable
US397,Industrials,B2B,Global,Growth,Strong_Player,Large,Tier_1,High_Margin,Capital_Intensive,Stable
US398,Healthcare,B2C,International,Growth,Strong_Player,Mid,Tier_2,Standard,Moderate,Stable
US399,Healthcare,B2C,International,Mature,Strong_Player,Mid,Tier_2,Standard,Moderate,Stable
US400,Industrials,B2B,Global,Growth,Strong_Player,Mid,Tier_2,Standard,Capital_Intensive,Strong
US401,Consumer_Discretionary,B2C,Global,Cyclical,Niche_Specialist,Mid,Tier_2,Standard,Moderate,Stable
US402,Technology,Platform,Global,Mature,Strong_Player,Large,Tier_1,High_Margin,Asset_Light,Stable
US403,Consumer_Discretionary,B2C,Global,Mature,Strong_Player,Mid,Tier_2,Standard,Moderate,Strong
US404,Consumer_Discretionary,B2C,Global,Mature,Strong_Player,Large,Tier_1,Standard,Moderate,Stable
US405,Finance,B2C,Global,Mature,Strong_Player,Large,Tier_1,Standard,Moderate,Stable
US406,Technology,Platform,International,Growth,Strong_Player,Large,Tier_1,Standard,Asset_Light,Strong
US407,Real_Estate,B2C,Global,Cyclical,Niche_Specialist,Mid,Tier_2,Standard,Moderate,Strong
US408,Energy,B2B,Global,Cyclical,Strong_Player,Large,Tier_1,Standard,Capital_Intensive,Stable
US409,Technology,B2B,Global,Growth,Niche_Specialist,Mid,Tier_2,Standard,Asset_Light,Strong
US410,Utilities,B2B,Domestic,Cyclical,Niche_Specialist,Large,Tier_1,Standard,Capital_Intensive,Strong
US411,Technology,Platform,Global,Mature,Niche_Specialist,Large,Tier_1,High_Margin,Asset_Light,Stable
US412,Materials,B2C,International,Growth,Strong_Player,Large,Tier_1,Standard,Moderate,Stable
US413,Real_Estate,B2B,International,Mature,Niche_Specialist,Large,Tier_1,Standard,Asset_Light,Strong
US414,Technology,B2B,International,Growth,Strong_Player,Mid,Tier_2,High_Margin,Asset_Light,Developing
US415,Consumer_Staples,B2C,Global,Mature,Niche_Specialist,Mid,Tier_2,High_Margin,Moderate,Strong
US416,Consumer_Discretionary,B2C,Global,Mature,Niche_Specialist,Mid,Tier_2,High_Margin,Moderate,Stable
US417,Industrials,B2B,Domestic,Growth,Niche_Specialist,Mid,Tier_2,Standard,Capital_Intensive,Developing
US419,Utilities,B2C,Global,Mature,Strong_Player,Large,Tier_1,Standard,Capital_Intensive,Strong
US420,Industrials,B2B,Global,Cyclical,Strong_Player,Mid,Tier_2,Low_Margin,Capital_Intensive,Stable
US421,Industrials,B2B,Domestic,Mature,Strong_Player,Mid,Tier_2,Standard,Capital_Intensive,Developing
US422,Consumer_Discretionary,B2C,Domestic,Growth,Strong_Player,Large,Tier_1,Standard,Capital_Intensive,Stable
US423,Finance,B2C,Global,Mature,Strong_Player,Mid,Tier_2,Standard,Moderate,Stable
US424,Materials,B2C,Domestic,Mature,Strong_Player,Mid,Tier_2,Low_Margin,Asset_Light,Stable
US425,Healthcare,B2C,Global,Mature,Strong_Player,Mid,Tier_2,Standard,Asset_Light,Strong
US426,Healthcare,B2C,International,Growth,Niche_Specialist,Large,Tier_1,High_Margin,Asset_Light,Strong
US427,Technology,B2B,International,Mature,Strong_Player,Mid,Tier_2,High_Margin,Moderate,Strong
US428,Finance,B2C,International,Growth,Niche_Specialist,Mid,Tier_2,High_Margin,Capital_Intensive,Strong
US429,Technology,Platform,Global,Growth,Strong_Player,Large,Tier_1,Standard,Moderate,Stable
US430,Consumer_Staples,B2C,Global,Mature,Strong_Player,Mid,Tier_2,Standard,Moderate,Stable
US431,Communication,B2B,International,Growth,Strong_Player,Large,Tier_1,High_Margin,Moderate,Developing
US432,Finance,B2C,Global,Mature,Niche_Specialist,Mid,Tier_2,Standard,Moderate,Stable
US433,Communication,B2C,Global,Cyclical,Strong_Player,Mid,Tier_2,High_Margin,Moderate,Strong
US434,Consumer_Discretionary,B2C,Global,Mature,Niche_Specialist,Mid,Tier_2,Low_Margin,Asset_Light,Stable
US435,Energy,B2B,Global,Mature,Strong_Player,Mid,Tier_2,Low_Margin,Capital_Intensive,Strong
US436,Consumer_Staples,B2C,Domestic,Mature,Strong_Player,Mid,Tier_2,Low_Margin,Moderate,Strong
US437,Technology,B2B,International,Mature,Niche_Specialist,Large,Tier_1,Standard,Moderate,Strong
US438,Technology,B2B,Domestic,Mature,Strong_Player,Mid,Tier_2,High_Margin,Moderate,Stable
US439,Technology,B2B,Domestic,Mature,Strong_Player,Mid,Tier_2,Standard,Asset_Light,Strong
US440,Consumer_Discretionary,B2C,Global,Mature,Niche_Specialist,Large,Tier_1,Standard,Moderate,Strong
US441,Technology,B2B,Global,Growth,Strong_Player,Large,Tier_1,Standard,Asset_Light,Strong
US442,Energy,B2B,International,Cyclical,Niche_Specialist,Mid,Tier_2,Low_Margin,Capital_Intensive,Strong
US443,Industrials,B2B,Domestic,Cyclical,Niche_Specialist,Mid,Tier_2,High_Margin,Capital_Intensive,Stable
US444,Healthcare,B2C,Global,Growth,Niche_Specialist,Large,Tier_1,High_Margin,Moderate,Stable
US445,Consumer_Discretionary,B2C,Global,Cyclical,Strong_Player,Large,Tier_1,Low_Margin,Capital_Intensive,Strong
US446,Communication,B2C,Global,Cyclical,Strong_Player,Mid,Tier_2,Standard,Moderate,Stable
US447,Communication,B2B,International,Mature,Niche_Specialist,Mid,Tier_2,Low_Margin,Moderate,Stable
US448,Consumer_Discretionary,B2C,Global,Mature,Strong_Player,Mid,Tier_2,Low_Margin,Moderate,Developing
US449,Industrials,B2B,Domestic,Cyclical,Niche_Specialist,Large,Tier_1,Standard,Capital_Intensive,Strong
US450,Industrials,B2B,Global,Mature,Strong_Player,Large,Tier_1,Standard,Moderate,Developing
US451,Finance,B2C,Global,Mature,Strong_Player,Large,Tier_1,Standard,Moderate,Stable
US452,Technology,B2B,International,Mature,Niche_Specialist,Mid,Tier_2,High_Margin,Moderate,Stable
US453,Finance,B2C,Global,Growth,Strong_Player,Large,Tier_1,Standard,Moderate,Stable
US454,Technology,Platform,International,Growth,Strong_Player,Mid,Tier_2,Standard,Asset_Light,Developing
US455,Consumer_Staples,B2C,International,Mature,Strong_Player,Mid,Tier_2,High_Margin,Moderate,Strong
US456,Finance,B2C,International,Growth,Strong_Player,Large,Tier_1,Standard,Moderate,Strong
US457,Technology,Platform,Global,Growth,Niche_Specialist,Large,Tier_1,High_Margin,Moderate,Stable
US458,Real_Estate,B2B,International,Mature,Strong_Player,Mid,Tier_2,High_Margin,Moderate,Strong
US459,Consumer_Discretionary,B2C,Global,Mature,Strong_Player,Mid,Tier_2,Standard,Moderate,Stable
US460,Industrials,B2B,Global,Mature,Niche_Specialist,Large,Tier_1,Low_Margin,Capital_Intensive,Stable
US461,Industrials,B2B,International,Mature,Strong_Player,Mid,Tier_2,Low_Margin,Capital_Intensive,Stable
US462,Industrials,B2B,International,Cyclical,Strong_Player,Large,Tier_1,Standard,Capital_Intensive,Strong
US463,Industrials,B2B,Global,Mature,Strong_Player,Large,Tier_1,High_Margin,Capital_Intensive,Stable
US464,Healthcare,B2C,Global,Mature,Strong_Player,Large,Tier_1,Standard,Asset_Light,Strong
US465,Healthcare,B2C,Global,Growth,Strong_Player,Mid,Tier_2,High_Margin,Moderate,Stable
US466,Energy,B2B,Global,Mature,Strong_Player,Mid,Tier_2,Low_Margin,Capital_Intensive,Developing
US467,Real_Estate,B2B,Global,Growth,Niche_Specialist,Mid,Tier_2,Low_Margin,Moderate,Developing
US469,Technology,Platform,International,Mature,Niche_Specialist,Mid,Tier_2,High_Margin,Asset_Light,Developing
US470,Industrials,B2B,Domestic,Cyclical,Niche_Specialist,Mid,Tier_2,High_Margin,Moderate,Stable
US471,Communication,B2C,Global,Mature,Strong_Player,Large,Tier_1,Standard,Capital_Intensive,Stable
US472,Healthcare,B2B,Domestic,Growth,Niche_Specialist,Large,Tier_1,Standard,Moderate,Strong
US473,Healthcare,B2B,Domestic,Mature,Strong_Player,Mid,Tier_2,Standard,Capital_Intensive,Stable
US474,Real_Estate,B2B,Global,Mature,Niche_Specialist,Mid,Tier_2,Standard,Moderate,Stable
US475,Finance,B2C,International,Mature,Niche_Specialist,Large,Tier_1,Standard,Moderate,Strong
US476,Utilities,B2B,Global,Mature,Niche_Specialist,Large,Tier_1,Low_Margin,Capital_Intensive,Strong
US477,Materials,B2B,Global,Mature,Niche_Specialist,Mid,Tier_2,Low_Margin,Moderate,Stable
US478,Finance,B2C,International,Growth,Strong_Player,Mid,Tier_2,Standard,Moderate,Strong
US479,Industrials,B2B,Global,Mature,Niche_Specialist,Mid,Tier_2,Standard,Moderate,Stable
US480,Industrials,B2B,Global,Mature,Niche_Specialist,Mid,Tier_2,Standard,Moderate,Strong
US481,Healthcare,B2C,Global,Mature,Niche_Specialist,Mid,Tier_2,Standard,Moderate,Developing
US482,Consumer_Staples,B2C,International,Cyclical,Strong_Player,Large,Tier_1,Standard,Asset_Light,Stable
US483,Communication,B2B,Global,Mature,Strong_Player,Large,Tier_1,High_Margin,Asset_Light,Stable
US484,Communication,B2B,Global,Growth,Strong_Player,Mid,Tier_2,Standard,Capital_Intensive,Developing
US485,Industrials,B2B,Global,Growth,Strong_Player,Large,Tier_1,High_Margin,Moderate,Stable
US486,Healthcare,B2C,International,Growth,Strong_Player,Mid,Tier_2,High_Margin,Asset_Light,Strong
US487,Utilities,B2C,Global,Mature,Strong_Player,Mid,Tier_2,Standard,Moderate,Strong
US488,Finance,B2C,Global,Growth,Niche_Specialist,Large,Tier_1,High_Margin,Asset_Light,Stable
US489,Real_Estate,B2C,Global,Mature,Strong_Player,Large,Tier_1,High_Margin,Moderate,Strong
US490,Healthcare,B2C,Domestic,Growth,Strong_Player,Mid,Tier_2,Standard,Moderate,Stable
US491,Technology,B2B,Global,Mature,Strong_Player,Mid,Tier_2,Standard,Moderate,Developing
US492,Real_Estate,B2B,Global,Growth,Strong_Player,Mid,Tier_2,Standard,Moderate,Strong
US493,Consumer_Discretionary,B2C,International,Cyclical,Niche_Specialist,Mid,Tier_2,Standard,Moderate,Stable
US494,Energy,B2B,International,Cyclical,Niche_Specialist,Large,Tier_1,Low_Margin,Capital_Intensive,Strong
US495,Finance,B2C,Global,Mature,Strong_Player,Mid,Tier_2,Standard,Capital_Intensive,Strong
US496,Technology,Platform,International,Growth,Strong_Player,Large,Tier_1,High_Margin,Asset_Light,Stable
US497,Consumer_Discretionary,B2C,Domestic,Mature,Strong_Player,Mid,Tier_2,Standard,Moderate,Stable
US498,Utilities,B2C,Global,Mature,Strong_Player,Mid,Tier_2,Low_Margin,Capital_Intensive,Stable
US499,Industrials,B2B,Global,Mature,Niche_Specialist,Mid,Tier_2,Standard,Moderate,Stable
US500,Consumer_Discretionary,B2C,International,Mature,Strong_Player,Mid,Tier_2,Standard,Moderate,Stable
US501,Communication,B2B,Global,Growth,Strong_Player,Mid,Tier_2,Standard,Moderate,Stable
US502,Technology,Platform,Global,Mature,Strong_Player,Large,Tier_1,Standard,Moderate,Stable
US503,Technology,Platform,Global,Growth,Strong_Player,Mid,Tier_2,Standard,Asset_Light,Stable
US504,Technology,Platform,Global,Mature,Strong_Player,Mid,Tier_2,High_Margin,Asset_Light,Stable
US505,Technology,Platform,Global,Mature,Strong_Player,Mid,Tier_2,High_Margin,Moderate,Strong
US506,Technology,Platform,Domestic,Mature,Strong_Player,Mid,Tier_2,High_Margin,Asset_Light,Stable
US507,Technology,Platform,International,Mature,Niche_Specialist,Large,Tier_1,High_Margin,Moderate,Stable
US508,Communication,B2B,Domestic,Mature,Strong_Player,Large,Tier_1,Standard,Moderate,Strong
US509,Technology,Platform,Domestic,Growth,Niche_Specialist,Mid,Tier_2,High_Margin,Asset_Light,Developing
US510,Technology,Platform,Domestic,Mature,Strong_Player,Large,Tier_1,High_Margin,Asset_Light,Strong
US511,Technology,Platform,Domestic,Mature,Strong_Player,Small,Tier_3,Standard,Moderate,Developing
US512,Technology,Platform,Domestic,Mature,Niche_Specialist,Mid,Tier_2,High_Margin,Asset_Light,Developing
US513,Technology,Platform,International,Mature,Niche_Specialist,Mid,Tier_2,High_Margin,Asset_Light,Strong
US514,Technology,Platform,International,Mature,Strong_Player,Mid,Tier_2,High_Margin,Moderate,Strong
US515,Healthcare,B2C,Domestic,Mature,Niche_Specialist,Mid,Tier_2,High_Margin,Capital_Intensive,Stable
US516,Healthcare,B2C,Global,Mature,Strong_Player,Mid,Tier_2,Standard,Moderate,Strong
US517,Consumer_Discretionary,Platform,Global,Mature,Strong_Player,Large,Tier_1,Standard,Asset_Light,Strong
US518,Communication,B2B,International,Growth,Niche_Specialist,Large,Tier_1,Standard,Capital_Intensive,Strong
US519,Technology,Platform,International,Mature,Niche_Specialist,Mid,Tier_2,High_Margin,Asset_Light,Stable
US520,Consumer_Discretionary,B2C,Global,Cyclical,Strong_Player,Mid,Tier_2,Low_Margin,Moderate,Stable
US521,Finance,B2C,Global,Growth,Strong_Player,Mid,Tier_2,High_Margin,Moderate,Stable
US522,Technology,Platform,International,Mature,Niche_Specialist,Mid,Tier_2,Standard,Asset_Light,Stable
US524,Healthcare,B2C,Domestic,Mature,Strong_Player,Mid,Tier_2,High_Margin,Moderate,Stable
US525,Technology,B2B,Domestic,Mature,Strong_Player,Mid,Tier_2,High_Margin,Asset_Light,Stable
US526,Finance,B2C,International,Mature,Strong_Player,Mid,Tier_2,Standard,Capital_Intensive,Developing
US527,Finance,B2C,International,Cyclical,Strong_Player,Mid,Tier_2,Standard,Asset_Light,Developing
US528,Consumer_Staples,B2C,Domestic,Growth,Niche_Specialist,Mid,Tier_2,Standard,Capital_Intensive,Developing
US529,Healthcare,B2C,Global,Growth,Strong_Player,Mid,Tier_2,Standard,Moderate,Strong
US532,Technology,B2B,Global,Growth,Niche_Specialist,Large,Tier_1,High_Margin,Moderate,Strong
US535,Finance,B2C,Domestic,Growth,Niche_Specialist,Mid,Tier_2,Standard,Capital_Intensive,Stable
US536,Finance,B2C,Domestic,Mature,Niche_Specialist,Mid,Tier_2,Standard,Asset_Light,Strong
US537,Consumer_Discretionary,B2C,International,Mature,Strong_Player,Mid,Tier_2,Low_Margin,Capital_Intensive,Strong
US538,Consumer_Discretionary,B2C,Domestic,Mature,Strong_Player,Mid,Tier_2,Standard,Asset_Light,Stable
US539,Technology,Platform,Domestic,Mature,Strong_Player,Mid,Tier_2,Standard,Moderate,Developing
US540,Finance,B2C,International,Mature,Strong_Player,Mid,Tier_2,Low_Margin,Moderate,Strong
US541,Finance,B2C,Global,Growth,Strong_Player,Large,Tier_1,Low_Margin,Moderate,Stable
US542,Communication,Platform,International,Cyclical,Strong_Player,Mid,Tier_2,Low_Margin,Moderate,Developing
US543,Consumer_Discretionary,Platform,International,Growth,Strong_Player,Mid,Tier_2,Standard,Capital_Intensive,Stable
US544,Consumer_Discretionary,Platform,Global,Growth,Niche_Specialist,Large,Tier_1,Standard,Asset_Light,Stable
US545,Technology,B2B,Global,Mature,Niche_Specialist,Large,Tier_1,Standard,Asset_Light,Stable
US546,Healthcare,B2B,International,Mature,Niche_Specialist,Large,Tier_1,High_Margin,Asset_Light,Stable
US547,Healthcare,B2B,Global,Mature,Strong_Player,Mid,Tier_2,High_Margin,Moderate,Strong
US549,Healthcare,B2B,Global,Mature,Strong_Player,Large,Tier_1,High_Margin,Capital_Intensive,Stable
US550,Healthcare,B2B,International,Mature,Niche_Specialist,Mid,Tier_2,Standard,Moderate,Developing
US551,Healthcare,B2C,Domestic,Mature,Niche_Specialist,Mid,Tier_2,Standard,Moderate,Stable
US552,Healthcare,B2C,Domestic,Growth,Strong_Player,Small,Tier_3,High_Margin,Capital_Intensive,Stable
US553,Healthcare,B2C,International,Mature,Niche_Specialist,Small,Tier_3,Standard,Moderate,Developing
US554,Healthcare,B2B,Domestic,Growth,Niche_Specialist,Mid,Tier_2,Standard,Capital_Intensive,Developing
US555,Healthcare,B2B,Domestic,Growth,Strong_Player,Small,Tier_3,High_Margin,Moderate,Developing
US556,Technology,Platform,International,Growth,Niche_Specialist,Mid,Tier_2,High_Margin,Asset_Light,Strong
US557,Finance,B2C,Domestic,Mature,Strong_Player,Small,Tier_3,High_Margin,Asset_Light,Developing
US558,Finance,B2C,Domestic,Mature,Niche_Specialist,Mid,Tier_2,Standard,Moderate,Developing
US564,Healthcare,B2B,Domestic,Growth,Niche_Specialist,Small,Tier_3,Standard,Moderate,Stable
US565,Healthcare,B2B,Domestic,Growth,Strong_Player,Small,Tier_3,Standard,Asset_Light,Developing
US566,Healthcare,B2B,Domestic,Growth,Niche_Specialist,Small,Tier_3,Standard,Moderate,Developing
US567,Healthcare,B2B,International,Mature,Strong_Player,Small,Tier_3,High_Margin,Moderate,Developing
US569,Healthcare,B2B,International,Growth,Strong_Player,Mid,Tier_2,High_Margin,Asset_Light,Developing
US570,Healthcare,B2B,Domestic,Mature,Strong_Player,Mid,Tier_2,Standard,Moderate,Stable
US571,Healthcare,B2B,Domestic,Growth,Niche_Specialist,Mid,Tier_2,Standard,Moderate,Developing
US572,Healthcare,B2B,Domestic,Mature,Strong_Player,Mid,Tier_2,High_Margin,Moderate,Developing
US573,Healthcare,B2B,International,Growth,Niche_Specialist,Mid,Tier_2,Standard,Asset_Light,Developing
US574,Healthcare,B2B,Domestic,Growth,Niche_Specialist,Small,Tier_3,High_Margin,Moderate,Developing
US575,Healthcare,B2B,Domestic,Mature,Niche_Specialist,Small,Tier_3,High_Margin,Moderate,Stable
US576,Healthcare,B2C,Domestic,Mature,Strong_Player,Small,Tier_3,Standard,Capital_Intensive,Developing
US578,Industrials,B2B,Domestic,Growth,Strong_Player,Mid,Tier_2,Low_Margin,Moderate,Stable
US579,Industrials,B2B,Domestic,Growth,Strong_Player,Mid,Tier_2,Standard,Capital_Intensive,Developing
US580,Industrials,B2B,Domestic,Cyclical,Niche_Specialist,Mid,Tier_2,Low_Margin,Capital_Intensive,Developing
US581,Industrials,B2B,Domestic,Mature,Strong_Player,Mid,Tier_2,Standard,Moderate,Stable
US582,Industrials,B2B,Domestic,Mature,Niche_Specialist,Mid,Tier_2,High_Margin,Capital_Intensive,Stable
US583,Industrials,B2B,Domestic,Mature,Strong_Player,Mid,Tier_2,Standard,Capital_Intensive,Stable
US584,Industrials,B2B,International,Cyclical,Strong_Player,Small,Tier_3,Standard,Moderate,Stable
US585,Industrials,B2B,Domestic,Mature,Niche_Specialist,Small,Tier_3,Low_Margin,Moderate,Developing
US586,Industrials,B2B,International,Growth,Strong_Player,Small,Tier_3,High_Margin,Moderate,Developing
US589,Industrials,B2B,International,Cyclical,Strong_Player,Small,Tier_3,Standard,Capital_Intensive,Developing
US591,Industrials,B2B,Domestic,Growth,Strong_Player,Mid,Tier_2,Standard,Moderate,Developing
US592,Industrials,B2B,Domestic,Mature,Niche_Specialist,Mid,Tier_2,Standard,Capital_Intensive,Developing
US594,Industrials,B2B,Domestic,Growth,Niche_Specialist,Small,Tier_3,High_Margin,Capital_Intensive,Developing
US595,Industrials,B2B,Domestic,Mature,Strong_Player,Small,Tier_3,Standard,Moderate,Stable
US596,Industrials,B2B,Domestic,Growth,Niche_Specialist,Small,Tier_3,Standard,Capital_Intensive,Stable
US597,Industrials,B2B,Domestic,Mature,Niche_Specialist,Mid,Tier_2,Low_Margin,Moderate,Stable
US598,Energy,B2C,International,Cyclical,Niche_Specialist,Mid,Tier_2,Standard,Capital_Intensive,Stable
US599,Energy,B2C,Domestic,Mature,Niche_Specialist,Mid,Tier_2,Low_Margin,Capital_Intensive,Developing
US600,Energy,B2B,International,Cyclical,Strong_Player,Mid,Tier_2,Standard,Capital_Intensive,Stable
US601,Energy,B2B,Domestic,Mature,Niche_Specialist,Mid,Tier_2,Standard,Capital_Intensive,Developing
US602,Energy,B2B,Domestic,Cyclical,Niche_Specialist,Mid,Tier_2,Standard,Capital_Intensive,Developing
US603,Energy,B2B,Domestic,Cyclical,Niche_Specialist,Mid,Tier_2,Standard,Capital_Intensive,Developing
US605,Energy,B2B,International,Cyclical,Strong_Player,Mid,Tier_2,Standard,Capital_Intensive,Strong
US607,Materials,B2B,International,Cyclical,Strong_Player,Mid,Tier_2,Standard,Capital_Intensive,Stable
US608,Materials,B2B,Domestic,Cyclical,Niche_Specialist,Mid,Tier_2,Standard,Moderate,Developing
US609,Materials,B2B,Domestic,Mature,Strong_Player,Mid,Tier_2,Standard,Capital_Intensive,Developing
US610,Other,B2B,Domestic,Growth,Niche_Specialist,Small,Tier_3,High_Margin,Asset_Light,Stable
US611,Materials,B2C,International,Growth,Strong_Player,Mid,Tier_2,Standard,Capital_Intensive,Stable
US612,Materials,B2B,Domestic,Growth,Strong_Player,Small,Tier_3,Low_Margin,Moderate,Developing
US613,Industrials,B2B,Domestic,Growth,Strong_Player,Mid,Tier_2,Low_Margin,Capital_Intensive,Stable
US614,Consumer_Discretionary,B2C,International,Mature,Niche_Specialist,Mid,Tier_2,High_Margin,Capital_Intensive,Developing
US615,Consumer_Staples,B2C,Domestic,Mature,Niche_Specialist,Mid,Tier_2,Standard,Moderate,Stable
US619,Consumer_Discretionary,B2C,International,Mature,Strong_Player,Mid,Tier_2,Low_Margin,Moderate,Developing
US620,Consumer_Discretionary,B2C,Domestic,Growth,Niche_Specialist,Mid,Tier_2,Standard,Asset_Light,Developing
US621,Consumer_Discretionary,B2C,Domestic,Mature,Strong_Player,Mid,Tier_2,High_Margin,Moderate,Developing
US622,Consumer_Staples,B2C,Domestic,Mature,Strong_Player,Mid,Tier_2,Standard,Capital_Intensive,Developing
US623,Consumer_Staples,B2C,Domestic,Mature,Strong_Player,Mid,Tier_2,High_Margin,Moderate,Developing
US625,Finance,B2C,International,Growth,Niche_Specialist,Mid,Tier_2,Standard,Moderate,Stable
US626,Consumer_Discretionary,B2C,International,Mature,Niche_Specialist,Mid,Tier_2,Standard,Asset_Light,Developing
US627,Consumer_Discretionary,B2C,International,Mature,Strong_Player,Small,Tier_3,Standard,Capital_Intensive,Developing
US628,Consumer_Discretionary,B2C,International,Growth,Strong_Player,Mid,Tier_2,Standard,Asset_Light,Stable
US630,Consumer_Discretionary,B2C,Domestic,Mature,Niche_Specialist,Mid,Tier_2,Standard,Asset_Light,Developing
US631,Consumer_Discretionary,B2C,Domestic,Mature,Strong_Player,Small,Tier_3,Standard,Capital_Intensive,Developing
US633,Consumer_Discretionary,B2C,International,Mature,Niche_Specialist,Small,Tier_3,Standard,Asset_Light,Developing
US634,Consumer_Discretionary,B2C,Domestic,Cyclical,Niche_Specialist,Mid,Tier_2,Standard,Moderate,Developing
US637,Consumer_Discretionary,B2C,International,Mature,Strong_Player,Small,Tier_3,Low_Margin,Asset_Light,Developing
US638,Consumer_Discretionary,B2C,Global,Cyclical,Strong_Player,Mid,Tier_2,Standard,Capital_Intensive,Strong
US641,Finance,B2C,Domestic,Growth,Strong_Player,Mid,Tier_2,Standard,Asset_Light,Developing
US642,Finance,B2C,International,Growth,Niche_Specialist,Mid,Tier_2,Standard,Moderate,Stable
US643,Finance,B2C,Global,Mature,Strong_Player,Mid,Tier_2,Low_Margin,Capital_Intensive,Strong
US644,Finance,B2C,Domestic,Mature,Niche_Specialist,Mid,Tier_2,High_Margin,Moderate,Developing
US646,Finance,B2C,Domestic,Cyclical,Niche_Specialist,Mid,Tier_2,Standard,Moderate,Developing
US647,Finance,B2C,International,Mature,Strong_Player,Mid,Tier_2,Standard,Moderate,Developing
US648,Finance,B2C,Domestic,Growth,Strong_Player,Mid,Tier_2,Standard,Moderate,Developing
US649,Finance,B2C,International,Mature,Strong_Player,Mid,Tier_2,Low_Margin,Moderate,Developing
US650,Finance,B2C,Domestic,Mature,Strong_Player,Mid,Tier_2,Low_Margin,Asset_Light,Stable
